appid,name,developer,publisher,price,discount,genre,tags
10,Counter-Strike,Valve,Valve,999,0,Action,"{'Action': 5442, 'FPS': 4855, 'Multiplayer': 3412, 'Shooter': 3366, 'Classic': 2799, 'Team-Based': 1874, 'First-Person': 1714, 'Competitive': 1616, 'Tactical': 1354, ""1990's"": 1208, 'e-sports': 1199, 'PvP': 890, 'Old School': 782, 'Military': 637, 'Strategy': 620, 'Survival': 308, 'Score Attack': 294, '1980s': 274, 'Assassin': 231, 'Nostalgia': 148}"
20,Team Fortress Classic,Valve,Valve,499,0,Action,"{'Action': 758, 'FPS': 318, 'Multiplayer': 270, 'Classic': 245, 'Hero Shooter': 218, 'Shooter': 216, 'Team-Based': 197, 'Class-Based': 188, 'First-Person': 180, ""1990's"": 148, 'Old School': 116, 'Co-op': 94, 'Competitive': 78, 'Fast-Paced': 69, 'Retro': 63, 'Online Co-Op': 54, 'Violent': 51, 'Funny': 38, 'Mod': 38, 'Remake': 36}"
60,Ricochet,Valve,Valve,499,0,Action,"{'Action': 588, 'FPS': 132, 'Multiplayer': 110, 'Classic': 94, 'First-Person': 82, 'Sci-fi': 56, 'Shooter': 55, 'Space': 45, 'Cyberpunk': 38, 'Memes': 33, 'Psychological Horror': 32, 'Platformer': 29, 'Conspiracy': 28, '3D': 27, 'Old School': 26, 'Retro': 26, 'Cult Classic': 21, 'Competitive': 20, 'Sports': 12, 'Great Soundtrack': 10}"
70,Half-Life,Valve,Valve,999,0,Action,"{'FPS': 2303, 'Sci-fi': 1817, ""1990's"": 1813, 'Classic': 1811, 'Multiplayer': 1810, 'Singleplayer': 1809, 'Action': 1801, 'Shooter': 1798, 'First-Person': 1788, 'Aliens': 1786, 'Silent Protagonist': 1781, 'Story Rich': 1778, 'Atmospheric': 1768, 'Moddable': 1759, 'Adventure': 1754, 'Retro': 1747, 'Action-Adventure': 1746, 'Gore': 1744, 'Difficult': 1730, 'PvP': 1715}"
220,Half-Life 2,Valve,Valve,999,0,Action,"{'FPS': 3998, 'Action': 2854, 'Sci-fi': 2495, 'Classic': 2275, 'Singleplayer': 2220, 'Story Rich': 1924, 'Shooter': 1731, 'First-Person': 1612, 'Adventure': 1382, 'Dystopian ': 1222, 'Atmospheric': 1131, 'Zombies': 1041, 'Silent Protagonist': 1037, 'Physics': 991, 'Aliens': 962, 'Great Soundtrack': 954, 'Horror': 806, 'Puzzle': 740, 'Multiplayer': 689, 'Moddable': 533}"
240,Counter-Strike: Source,Valve,Valve,999,0,Action,"{'Shooter': 5283, 'Action': 3156, 'FPS': 3149, 'Multiplayer': 2513, 'Team-Based': 1687, 'First-Person': 1484, 'Tactical': 1339, 'Competitive': 1335, 'PvP': 1018, 'e-sports': 954, 'Military': 758, 'War': 645, 'Strategy': 518, 'Moddable': 498, 'Singleplayer': 394, 'Difficult': 389, 'Atmospheric': 302, 'Survival': 283, 'Simulation': 245, 'Sandbox': 204}"
340,Half-Life 2: Lost Coast,Valve,Valve,0,0,Action,"{'FPS': 1028, 'Action': 362, 'Singleplayer': 311, 'First-Person': 252, 'Sci-fi': 248, 'Shooter': 224, 'Short': 220, 'Aliens': 121, 'Dystopian ': 114, 'Classic': 112, 'Adventure': 107, 'Atmospheric': 94, 'Benchmark': 94, 'Futuristic': 91, 'Silent Protagonist': 86, 'Free to Play': 60, 'Multiplayer': 41, 'Post-apocalyptic': 41, 'Story Rich': 41, 'Great Soundtrack': 36}"
360,Half-Life Deathmatch: Source,Valve,Valve,999,0,Action,"{'Action': 244, 'FPS': 163, 'Multiplayer': 127, 'Shooter': 98, 'Sci-fi': 87, 'First-Person': 76, 'Classic': 72, 'Remake': 26, 'Adventure': 16, 'Fast-Paced': 13, 'Competitive': 13, 'Horror': 10, 'Atmospheric': 9, 'Singleplayer': 7}"
380,Half-Life 2: Episode One,Valve,Valve,799,0,Action,"{'FPS': 735, 'Action': 529, 'Sci-fi': 464, 'Singleplayer': 402, 'First-Person': 313, 'Story Rich': 312, 'Shooter': 302, 'Classic': 279, 'Dystopian ': 234, 'Adventure': 227, 'Aliens': 226, 'Zombies': 224, 'Episodic': 170, 'Atmospheric': 165, 'Silent Protagonist': 161, 'Great Soundtrack': 156, 'Short': 148, 'Puzzle': 116, 'Cinematic': 96, 'Moddable': 73}"
400,Portal,Valve,Valve,999,0,Action,"{'Puzzle': 4090, 'Puzzle-Platformer': 3084, 'First-Person': 2437, '3D Platformer': 2406, 'Singleplayer': 2073, 'Sci-fi': 1927, 'Comedy': 1564, 'Female Protagonist': 1481, 'Funny': 1044, 'Physics': 1036, 'Action': 1028, 'Story Rich': 840, 'Classic': 834, 'Platformer': 797, 'Science': 761, 'Atmospheric': 661, 'FPS': 639, 'Dark Humor': 630, 'Short': 619, 'Adventure': 613}"
420,Half-Life 2: Episode Two,Valve,Valve,799,0,Action,"{'FPS': 915, 'Action': 678, 'Sci-fi': 566, 'Singleplayer': 504, 'Shooter': 446, 'Story Rich': 393, 'First-Person': 388, 'Classic': 356, 'Adventure': 316, 'Aliens': 296, 'Atmospheric': 265, 'Zombies': 262, 'Silent Protagonist': 248, 'Dystopian ': 214, 'Great Soundtrack': 213, 'Post-apocalyptic': 196, 'Episodic': 161, 'Puzzle': 154, 'Horror': 136, 'Multiplayer': 88}"
440,Team Fortress 2,Valve,Valve,0,0,"Action, Free to Play","{'Free to Play': 61961, 'Hero Shooter': 60695, 'Multiplayer': 22165, 'FPS': 15068, 'Shooter': 12241, 'Action': 11701, 'Class-Based': 9318, 'Team-Based': 8950, 'Funny': 8828, 'First-Person': 7526, 'Online Co-Op': 6979, 'Competitive': 6816, 'Cartoony': 6810, 'Trading': 6580, 'Co-op': 5553, 'Comedy': 5014, 'Robots': 4463, 'Tactical': 3789, 'Cartoon': 3723, 'Crafting': 3514}"
500,Left 4 Dead,Valve,Valve,999,0,Action,"{'Zombies': 2102, 'Co-op': 1336, 'Multiplayer': 1183, 'FPS': 1141, 'Action': 990, 'Horror': 820, 'Shooter': 786, 'Online Co-Op': 778, 'Survival': 637, 'Team-Based': 627, 'First-Person': 589, 'Post-apocalyptic': 522, 'Singleplayer': 416, 'Atmospheric': 313, 'Adventure': 297, 'Moddable': 289, 'Tactical': 272, 'Replay Value': 250, 'Competitive': 249, 'Female Protagonist': 220}"
550,Left 4 Dead 2,Valve,Valve,999,0,Action,"{'Zombies': 20715, 'Co-op': 10973, 'FPS': 9745, 'Multiplayer': 9015, 'Shooter': 6823, 'Online Co-Op': 6495, 'Action': 6486, 'Survival': 5461, 'Horror': 5144, 'First-Person': 4383, 'Gore': 4072, 'Team-Based': 3444, 'Moddable': 2864, 'Survival Horror': 2852, 'Post-apocalyptic': 2768, 'Singleplayer': 2268, 'Adventure': 2086, 'Local Co-Op': 1996, 'Replay Value': 1974, 'Tactical': 1914}"
570,Dota 2,Valve,Valve,0,0,"Action, Free to Play, Strategy","{'Free to Play': 58972, 'MOBA': 19701, 'Multiplayer': 14908, 'Strategy': 13886, 'e-sports': 11393, 'Team-Based': 10676, 'Competitive': 8027, 'Action': 7752, 'Online Co-Op': 7249, 'PvP': 5800, 'Difficult': 5102, 'Co-op': 4125, 'RTS': 3955, 'Tower Defense': 3637, 'RPG': 3616, 'Fantasy': 3607, 'Character Customization': 2804, 'Replay Value': 2670, 'Action RPG': 2348, 'Simulation': 1851}"
620,Portal 2,Valve,Valve,999,0,"Action, Adventure","{'Platformer': 7267, 'Puzzle': 7008, 'Dark Humor': 6843, 'First-Person': 6816, 'Story Rich': 6791, 'Puzzle-Platformer': 6773, 'Funny': 6683, 'Female Protagonist': 6655, '3D Platformer': 6618, 'Action-Adventure': 6515, 'Action': 6474, 'FPS': 6470, 'Co-op': 5434, 'Physics': 4906, 'Level Editor': 4743, 'Sci-fi': 4743, 'Science': 4655, 'Atmospheric': 4631, 'Comedy': 4631, 'Adventure': 4592}"
730,Counter-Strike: Global Offensive,"Valve, Hidden Path Entertainment",Valve,0,0,"Action, Free to Play","{'FPS': 88889, 'Shooter': 63890, 'Multiplayer': 60976, 'Competitive': 52179, 'Action': 46604, 'Team-Based': 45529, 'e-sports': 42522, 'Tactical': 40571, 'First-Person': 38573, 'PvP': 33664, 'Online Co-Op': 33278, 'Co-op': 29685, 'Strategy': 29560, 'Military': 28193, 'War': 27561, 'Difficult': 25584, 'Trading': 25200, 'Realistic': 25001, 'Fast-Paced': 24934, 'Moddable': 6236}"
2630,Call of Duty 2,Infinity Ward,Activision,1499,25,Action,"{'Action': 220, 'World War II': 215, 'FPS': 208, 'Multiplayer': 170, 'Singleplayer': 166, 'Shooter': 138, 'War': 128, 'Classic': 124, 'First-Person': 105, 'Historical': 93, 'Military': 60, 'Atmospheric': 56, 'Story Rich': 26, 'Co-op': 21, 'Controller': 17, 'Adventure': 17, 'Casual': 11, 'Online Co-Op': 10, 'Zombies': 10, 'Simulation': 8}"
3590,Plants vs. Zombies GOTY Edition,"PopCap Games, Inc.","PopCap Games, Inc., Electronic Arts",499,0,Strategy,"{'Tower Defense': 1273, 'Zombies': 1135, 'Strategy': 880, 'Singleplayer': 754, 'Casual': 659, 'Comedy': 445, '2D': 427, 'Classic': 413, 'Great Soundtrack': 408, 'Family Friendly': 377, 'Funny': 334, 'Puzzle': 292, 'Addictive': 278, 'Cute': 277, 'Survival': 254, 'Indie': 249, 'Tactical': 205, 'Touch-Friendly': 127, 'Adventure': 126, 'Post-apocalyptic': 88}"
3900,Sid Meier's Civilization IV,Firaxis Games,2K,1999,0,Strategy,"{'Strategy': 293, 'Turn-Based Strategy': 207, 'Turn-Based': 176, '4X': 148, 'Historical': 129, 'Multiplayer': 103, 'Singleplayer': 89, 'Moddable': 67, 'Grand Strategy': 59, 'Classic': 56, 'Addictive': 45, 'Replay Value': 40, 'Simulation': 38, 'Resource Management': 37, 'Great Soundtrack': 32, 'War': 29, 'Economy': 27, 'Tactical': 26, 'Management': 19, 'Local Multiplayer': 6}"
4000,Garry's Mod,Facepunch Studios,Valve,999,0,"Indie, Simulation","{'Sandbox': 17865, 'Multiplayer': 13895, 'Funny': 12409, 'Moddable': 10025, 'Building': 9762, 'Mod': 8443, 'Comedy': 8414, 'Co-op': 8265, 'First-Person': 8056, 'Physics': 7019, 'Simulation': 6742, 'Online Co-Op': 6549, 'FPS': 6218, 'Singleplayer': 6166, 'Action': 5590, 'Animation & Modeling': 5428, 'Shooter': 5421, 'Indie': 5027, 'Massively Multiplayer': 4734, 'Adventure': 4724}"
4500,S.T.A.L.K.E.R.: Shadow of Chernobyl,GSC Game World,GSC Game World,1999,0,"Action, RPG","{'Atmospheric': 1393, 'Post-apocalyptic': 1275, 'Open World': 1251, 'FPS': 1158, 'Survival': 933, 'Action': 699, 'RPG': 597, 'Shooter': 575, 'Survival Horror': 571, 'Horror': 535, 'First-Person': 503, 'Singleplayer': 494, 'Classic': 448, 'Based On A Novel': 380, 'Moddable': 371, 'Adventure': 360, 'Immersive': 315, 'Sci-fi': 305, 'Inventory Management': 278, 'Difficult': 251}"
4570,"Warhammer 40,000: Dawn of War - Game of the Year Edition",Relic Entertainment,SEGA,1299,0,Strategy,"{'Strategy': 377, 'RTS': 305, 'Warhammer 40K': 304, 'Base-Building': 196, 'Sci-fi': 163, 'Multiplayer': 155, 'Real-Time': 127, 'Games Workshop': 125, 'Tactical': 116, 'Singleplayer': 115, 'War': 78, 'Classic': 65, 'Action': 60, 'Gore': 40, 'Fantasy': 29, 'Great Soundtrack': 28, 'Epic': 27, 'Story Rich': 26, 'Futuristic': 26, 'Dark': 9}"
6000,STAR WARS Republic Commando,LucasArts,"LucasArts, Lucasfilm, Disney",999,0,Action,"{'FPS': 412, 'Action': 405, 'Tactical': 334, 'Sci-fi': 284, 'Singleplayer': 271, 'Shooter': 248, 'First-Person': 208, 'Classic': 205, 'Multiplayer': 180, 'Great Soundtrack': 167, 'Atmospheric': 149, 'Space': 146, 'Epic': 130, 'Adventure': 122, 'Team-Based': 120, 'War': 109, 'Co-op': 90, 'Strategy': 88, 'Dark': 59, 'Futuristic': 43}"
6060,"Star Wars: Battlefront 2 (Classic, 2005)",Pandemic Studios,"Lucasfilm, LucasArts, Disney",999,0,Action,"{'Action': 857, 'Multiplayer': 780, 'Shooter': 720, 'Classic': 711, 'Third-Person Shooter': 709, 'Sci-fi': 699, 'Space': 686, 'FPS': 629, 'First-Person': 486, 'Singleplayer': 436, 'Moddable': 376, 'Third Person': 365, 'Military': 354, 'Co-op': 270, 'Tactical': 257, 'Great Soundtrack': 247, 'Strategy': 241, 'Adventure': 199, 'Addictive': 172, 'Epic': 162}"
6850,Hitman 2: Silent Assassin,Io-Interactive A/S,Io-Interactive A/S,269,70,Action,"{'Stealth': 199, 'Action': 140, 'Third Person': 86, 'Assassin': 78, 'Singleplayer': 75, 'Classic': 74, 'Shooter': 55, 'Sandbox': 43, 'Great Soundtrack': 41, 'Old School': 33, 'Difficult': 29, 'Adventure': 21, 'Gore': 21, 'First-Person': 19, 'FPS': 18, 'Atmospheric': 16, 'Crime': 16, 'Tactical': 12, 'Story Rich': 11, 'Third-Person Shooter': 10}"
6860,Hitman: Blood Money,Io-Interactive A/S,Io-Interactive A/S,299,70,Action,"{'Stealth': 452, 'Action': 273, 'Assassin': 197, 'Singleplayer': 195, 'Third Person': 183, 'Classic': 168, 'Great Soundtrack': 113, 'Third-Person Shooter': 96, 'Cult Classic': 92, 'Sandbox': 88, 'Puzzle': 82, 'Replay Value': 71, 'Crime': 70, 'Shooter': 66, 'Atmospheric': 64, 'Difficult': 54, 'Strategy': 49, 'First-Person': 49, 'Dark': 42, 'Simulation': 25}"
6880,Just Cause,Avalanche Studios,Square Enix,699,0,Action,"{'Action': 159, 'Open World': 146, 'Shooter': 82, 'Third Person': 78, 'Singleplayer': 74, 'Adventure': 65, 'Sandbox': 62, 'Third-Person Shooter': 53, 'Classic': 41, 'Multiplayer': 30, 'Controller': 20, 'Atmospheric': 17, 'Great Soundtrack': 14, 'Action RPG': 10, 'Violent': 7, 'Funny': 6, 'RPG': 6}"
6910,Deus Ex: Game of the Year Edition,Ion Storm,Eidos Interactive Corp.,699,0,Action,"{'Cyberpunk': 1033, 'RPG': 855, 'Stealth': 741, 'Classic': 693, 'FPS': 625, 'Sci-fi': 594, 'Immersive Sim': 551, 'Cult Classic': 530, 'Action': 474, 'Singleplayer': 451, 'Dystopian ': 413, 'Story Rich': 373, 'Inventory Management': 338, 'Great Soundtrack': 333, 'First-Person': 282, 'Atmospheric': 257, 'Conspiracy': 252, 'Moddable': 243, 'Action RPG': 174, 'Shooter': 146}"
7670,BioShock,"2K Boston, 2K Australia",2K,1999,0,"Action, RPG","{'FPS': 1310, 'Atmospheric': 1016, 'Story Rich': 965, 'Action': 955, 'Singleplayer': 891, 'Horror': 704, 'Steampunk': 680, 'First-Person': 631, 'Shooter': 585, 'Sci-fi': 493, 'RPG': 451, 'Classic': 443, 'Adventure': 395, 'Dystopian ': 388, 'Underwater': 343, 'Immersive': 334, 'Dark': 301, 'Political': 287, 'Great Soundtrack': 217, 'Alternate History': 186}"
7940,Call of Duty 4: Modern Warfare (2007),Infinity Ward,Activision,999,50,Action,"{'FPS': 658, 'Action': 528, 'Multiplayer': 514, 'Shooter': 379, 'Singleplayer': 323, 'First-Person': 314, 'Classic': 280, 'Military': 249, 'War': 227, 'PvP': 144, 'Great Soundtrack': 124, 'Story Rich': 121, 'Linear': 119, 'Modern': 116, 'Co-op': 113, 'Controller': 98, 'Atmospheric': 96, 'Moddable': 88, 'Competitive': 78, 'Zombies': 63}"
8500,EVE Online,CCP,CCP,0,0,"Action, Free to Play, Massively Multiplayer, RPG, Strategy","{'Space': 1591, 'Free to Play': 1209, 'RPG': 1206, 'Sci-fi': 1198, 'PvP': 1198, 'Open World': 1196, 'Sandbox': 1191, 'Strategy': 1185, 'Multiplayer': 1184, 'Action': 1181, 'Economy': 1181, 'Massively Multiplayer': 1181, 'Character Customization': 785, 'Exploration': 735, 'War': 732, 'Spaceships': 722, 'Politics': 715, 'Lore-Rich': 714, 'MMORPG': 710, 'PvE': 709}"
8850,BioShock 2,"2K Marin, 2K China, Digital Extremes, 2K Australia",2K,1999,0,Action,"{'FPS': 630, 'Action': 466, 'Singleplayer': 384, 'Atmospheric': 362, 'Story Rich': 357, 'Horror': 290, 'Shooter': 282, 'First-Person': 277, 'Steampunk': 245, 'Sci-fi': 210, 'Multiplayer': 182, 'Underwater': 163, 'Dystopian ': 162, 'Adventure': 142, 'RPG': 117, 'Immersive': 115, 'Dark': 102, 'Great Soundtrack': 96, 'Philosophical': 92, 'Action RPG': 68}"
8870,BioShock Infinite,"Irrational Games, Virtual Programming (Linux)",2K,2999,0,Action,"{'FPS': 2958, 'Story Rich': 2608, 'Action': 2261, 'Singleplayer': 1934, 'Steampunk': 1880, 'Atmospheric': 1700, 'Shooter': 1524, 'First-Person': 1424, 'Beautiful': 1008, 'Alternate History': 998, 'Adventure': 902, 'Great Soundtrack': 771, 'Dystopian ': 748, 'Sci-fi': 583, 'Time Travel': 463, 'Fantasy': 358, 'Gore': 320, 'Linear': 302, 'RPG': 270, 'Immersive': 214}"
8930,Sid Meier's Civilization V,"Firaxis Games, Aspyr (Mac), Aspyr (Linux)","2K, Aspyr (Mac), Aspyr (Linux)",2999,0,Strategy,"{'Turn-Based Strategy': 4919, 'Strategy': 4327, 'Turn-Based': 2551, 'Multiplayer': 2374, 'Historical': 2163, '4X': 1701, 'Addictive': 1672, 'Singleplayer': 1590, 'Hex Grid': 1305, 'Grand Strategy': 1036, 'Replay Value': 829, 'Co-op': 762, 'Economy': 719, 'Tactical': 719, 'Diplomacy': 673, 'Moddable': 625, 'Simulation': 595, 'Classic': 463, 'Great Soundtrack': 448, 'Touch-Friendly': 303}"
8980,Borderlands Game of the Year,Gearbox Software,2K,2999,0,"Action, RPG","{'Looter Shooter': 1254, 'FPS': 1162, 'Co-op': 920, 'RPG': 904, 'Action': 802, 'Loot': 752, 'Shooter': 634, 'Online Co-Op': 555, 'First-Person': 480, 'Open World': 471, 'Comedy': 451, 'Multiplayer': 433, 'Sci-fi': 404, 'Post-apocalyptic': 367, 'Singleplayer': 338, 'Action RPG': 301, 'Funny': 286, 'Dark Humor': 269, 'Adventure': 247, 'Gore': 238}"
10090,Call of Duty: World at War,Treyarch,Activision,1499,25,Action,"{'Zombies': 1151, 'World War II': 863, 'FPS': 849, 'Multiplayer': 753, 'Action': 740, 'Shooter': 714, 'Co-op': 639, 'Singleplayer': 604, 'Moddable': 576, 'First-Person': 574, 'War': 517, 'Online Co-Op': 460, 'Gore': 401, 'Historical': 382, 'Classic': 326, 'Survival': 310, 'Great Soundtrack': 274, 'Tanks': 263, 'Horror': 259, 'Adventure': 247}"
10180,Call of Duty: Modern Warfare 2 (2009),Infinity Ward,Activision,1499,25,Action,"{'Action': 1792, 'FPS': 1484, 'Multiplayer': 1255, 'Shooter': 995, 'First-Person': 820, 'Singleplayer': 725, 'War': 667, 'Military': 617, 'Co-op': 514, 'Online Co-Op': 491, 'PvP': 427, 'Great Soundtrack': 331, 'Story Rich': 299, 'Atmospheric': 231, 'Adventure': 223, 'Tactical': 220, 'Controller': 196, 'Linear': 181, 'Strategy': 155, 'Moddable': 145}"
12100,Grand Theft Auto III,Rockstar Games,Rockstar Games,0,0,Action,"{'Open World': 451, 'Action': 401, 'Automobile Sim': 360, 'Classic': 274, 'Third Person': 238, 'Crime': 210, 'Singleplayer': 209, 'Driving': 185, 'Sandbox': 183, 'Shooter': 157, 'Third-Person Shooter': 139, 'Great Soundtrack': 121, 'Violent': 116, 'Adventure': 115, 'Atmospheric': 109, 'Silent Protagonist': 105, 'Mature': 95, 'Story Rich': 85, 'Multiplayer': 60, 'Moddable': 60}"
12110,Grand Theft Auto: Vice City,Rockstar Games,Rockstar Games,0,0,Action,"{'Open World': 682, 'Action': 579, 'Automobile Sim': 531, '1980s': 484, 'Classic': 444, 'Great Soundtrack': 388, 'Crime': 359, 'Third Person': 339, 'Singleplayer': 332, 'Driving': 258, 'Sandbox': 258, 'Atmospheric': 236, 'Third-Person Shooter': 225, 'Violent': 212, 'Shooter': 210, 'Adventure': 202, 'Mature': 188, 'Music': 157, 'Funny': 156, 'Multiplayer': 136}"
12120,Grand Theft Auto: San Andreas,Rockstar Games,Rockstar Games,0,0,Action,"{'Open World': 2020, 'Action': 1566, 'Crime': 1158, 'Classic': 1115, 'Automobile Sim': 1059, 'Third Person': 1055, 'Singleplayer': 1021, 'Multiplayer': 1021, 'Shooter': 856, 'Driving': 833, 'Story Rich': 751, 'Adventure': 677, 'Sandbox': 655, 'Mature': 642, 'Great Soundtrack': 620, 'Third-Person Shooter': 606, 'Moddable': 513, 'Atmospheric': 510, 'Funny': 488, 'Comedy': 383}"
12210,Grand Theft Auto IV: The Complete Edition,"Rockstar North, Rockstar Toronto",Rockstar Games,1999,0,"Action, Adventure","{'Open World': 2350, 'Action': 1883, 'Automobile Sim': 1324, 'Multiplayer': 1203, 'Crime': 1167, 'Third Person': 1124, 'Adventure': 1066, 'Singleplayer': 867, 'Third-Person Shooter': 845, 'Sandbox': 816, 'Moddable': 800, 'Shooter': 742, 'Physics': 639, 'Atmospheric': 491, 'Classic': 471, 'Funny': 463, 'Dark Humor': 447, 'Gore': 427, 'Co-op': 364, 'Satire': 355}"
12220,Grand Theft Auto: Episodes from Liberty City,Rockstar North / Toronto,Rockstar Games,0,0,Action,"{'Open World': 351, 'Action': 330, 'Automobile Sim': 256, 'Third Person': 172, 'Multiplayer': 158, 'Crime': 129, 'Adventure': 125, 'Shooter': 118, 'Sandbox': 114, 'Singleplayer': 108, 'Driving': 104, 'Third-Person Shooter': 97, 'Mature': 88, 'Great Soundtrack': 79, 'Nudity': 70, 'Story Rich': 69, 'Racing': 67, 'Comedy': 57, 'Moddable': 57, 'Atmospheric': 57}"
17410,Mirror's Edge,DICE,Electronic Arts,1999,0,"Action, Adventure","{'Action-Adventure': 1887, 'Parkour': 1847, 'First-Person': 1316, 'Exploration': 1309, '3D Platformer': 1180, 'Female Protagonist': 1144, 'Singleplayer': 1124, 'Platformer': 1113, 'Puzzle': 1109, 'Cyberpunk': 1104, 'Action': 1095, 'Colorful': 749, 'Stylized': 743, 'Dystopian ': 743, 'Atmospheric': 734, 'Sci-fi': 732, 'Adventure': 719, 'Futuristic': 716, 'Great Soundtrack': 715, 'Time Attack': 708}"
17430,Need for Speed Undercover,EA Black Box,Electronic Arts,0,0,"Action, Racing","{'Racing': 348, 'Open World': 174, 'Multiplayer': 132, 'Action': 121, 'Automobile Sim': 109, 'Driving': 95, 'Arcade': 78, 'Singleplayer': 78, 'Simulation': 42, 'Story Rich': 39, 'Great Soundtrack': 25, 'Controller': 22, 'Classic': 10, 'Online Co-Op': 7, 'Free to Play': 5}"
17460,Mass Effect (2007),BioWare,Electronic Arts,1999,0,"Action, RPG","{'RPG': 1144, 'Sci-fi': 1054, 'Story Rich': 817, 'Action': 679, 'Space': 618, 'Third-Person Shooter': 606, 'Singleplayer': 602, 'Choices Matter': 397, 'Great Soundtrack': 389, 'Third Person': 381, 'Character Customization': 299, 'Shooter': 279, 'Adventure': 272, 'Female Protagonist': 272, 'Romance': 259, 'Atmospheric': 247, 'Open World': 247, 'Action RPG': 238, 'Real-Time with Pause': 236, 'Immersive': 164}"
17470,Dead Space (2008),EA Redwood Shores,Electronic Arts,1999,0,"Action, Adventure","{'Horror': 909, 'Sci-fi': 624, 'Action': 594, 'Space': 537, 'Survival Horror': 486, 'Third Person': 476, 'Atmospheric': 388, 'Singleplayer': 377, 'Third-Person Shooter': 364, 'Gore': 337, 'Shooter': 286, 'Aliens': 246, 'Dark': 211, 'Futuristic': 188, 'Story Rich': 165, 'Silent Protagonist': 155, 'Survival': 132, 'Adventure': 128, 'Zombies': 94, 'Immersive': 76}"
20900,The Witcher: Enhanced Edition Director's Cut,CD PROJEKT RED,"CD PROJEKT RED, 1C-SoftClub",999,0,"Action, RPG","{'RPG': 1972, 'Fantasy': 1210, 'Story Rich': 1028, 'Mature': 893, 'Singleplayer': 880, 'Choices Matter': 858, 'Action': 795, 'Third Person': 774, 'Nudity': 693, 'Adventure': 640, 'Dark Fantasy': 603, 'Based On A Novel': 592, 'Atmospheric': 587, 'Open World': 498, 'Great Soundtrack': 431, 'Multiple Endings': 407, 'Medieval': 404, 'Action RPG': 353, 'Magic': 334, 'Classic': 238}"
20920,The Witcher 2: Assassins of Kings Enhanced Edition,CD PROJEKT RED,"CD PROJEKT RED, 1C-SoftClub",1999,0,RPG,"{'RPG': 3766, 'Fantasy': 2342, 'Mature': 1832, 'Story Rich': 1711, 'Choices Matter': 1672, 'Singleplayer': 1569, 'Third Person': 1501, 'Adventure': 1445, 'Nudity': 1429, 'Dark Fantasy': 1398, 'Multiple Endings': 1050, 'Action': 1001, 'Open World': 997, 'Atmospheric': 906, 'Based On A Novel': 844, 'Well-Written': 835, 'Difficult': 677, 'Medieval': 661, 'Magic': 633, 'Dark': 602}"
21690,Resident Evil 5,Capcom,Capcom,1999,0,"Action, Adventure","{'Action': 484, 'Zombies': 475, 'Co-op': 474, 'Third-Person Shooter': 350, 'Co-op Campaign': 337, 'Horror': 336, 'Online Co-Op': 334, 'Adventure': 250, 'Multiplayer': 242, 'Third Person': 204, 'Survival Horror': 188, 'Shooter': 184, 'Singleplayer': 171, 'Local Co-Op': 142, 'Female Protagonist': 119, 'Quick-Time Events': 114, 'Survival': 107, 'Gore': 98, 'Atmospheric': 60, '3D Vision': 56}"
22320,The Elder Scrolls III: Morrowind Game of the Year Edition,Bethesda Game Studios,Bethesda Softworks,1499,0,RPG,"{'RPG': 1265, 'Open World': 1112, 'Fantasy': 737, 'Classic': 657, 'Great Soundtrack': 632, 'Moddable': 599, 'Singleplayer': 533, 'First-Person': 511, 'Adventure': 494, 'Cult Classic': 477, 'Atmospheric': 438, 'Magic': 396, 'Exploration': 391, 'Story Rich': 382, 'Sandbox': 341, 'Character Customization': 311, 'Action RPG': 308, 'Medieval': 220, 'Action': 207, 'Third Person': 160}"
22330,The Elder Scrolls IV: Oblivion Game of the Year Edition,Bethesda Game Studios,Bethesda Softworks,1499,0,RPG,"{'RPG': 1463, 'Open World': 1375, 'Fantasy': 966, 'Singleplayer': 824, 'Moddable': 776, 'First-Person': 642, 'Adventure': 636, 'Exploration': 610, 'Great Soundtrack': 530, 'Magic': 483, 'Action': 470, 'Character Customization': 467, 'Story Rich': 395, 'Atmospheric': 385, 'Medieval': 361, 'Sandbox': 357, 'Classic': 324, 'Action RPG': 306, 'Third Person': 262, 'Dark Fantasy': 176}"
22380,Fallout: New Vegas,Obsidian Entertainment,Bethesda Softworks,999,0,"Action, RPG","{'Open World': 3880, 'RPG': 3723, 'Post-apocalyptic': 3401, 'Singleplayer': 2398, 'Moddable': 2148, 'Story Rich': 1762, 'Exploration': 1756, 'First-Person': 1720, 'Action': 1670, 'Adventure': 1483, 'Sci-fi': 1365, 'FPS': 1359, 'Western': 1268, 'Atmospheric': 1226, 'Action RPG': 1128, 'Character Customization': 1070, 'Survival': 1062, 'Sandbox': 990, 'Shooter': 933, 'Third Person': 589}"
31280,Poker Night at the Inventory,Telltale Games,Strategy First,0,0,"Casual, Sports","{'Card Game': 305, 'Casual': 227, 'Comedy': 225, 'Singleplayer': 179, 'Funny': 170, 'Gambling': 87, 'Strategy': 84, 'Sports': 64, 'Simulation': 44, 'Conversation': 41, 'Indie': 28, 'Memes': 28, 'First-Person': 27, 'Touch-Friendly': 25, 'Point & Click': 24, 'Multiplayer': 17, 'Board Game': 17, 'Action': 13, 'Relaxing': 12, 'Free to Play': 5}"
32370,STAR WARS Knights of the Old Republic,"BioWare, Aspyr (Mac)","LucasArts, Aspyr (Mac), Disney, Lucasfilm",999,0,"Adventure, RPG","{'RPG': 1080, 'Sci-fi': 601, 'Story Rich': 587, 'Singleplayer': 556, 'Classic': 529, 'Adventure': 402, 'Party-Based RPG': 395, 'Real-Time with Pause': 336, 'Choices Matter': 302, 'Third Person': 290, 'Action': 237, 'Space': 215, 'Exploration': 214, 'Fantasy': 194, 'Atmospheric': 183, 'Turn-Based': 169, 'Great Soundtrack': 160, 'Moddable': 150, 'Female Protagonist': 101, 'Open World': 80}"
33230,Assassin's Creed 2,Ubisoft Montreal,Ubisoft,1999,0,"Action, Adventure","{'Action': 835, 'Open World': 738, 'Parkour': 670, 'Assassin': 649, 'Adventure': 644, 'Stealth': 642, 'Third Person': 545, 'Historical': 537, 'Story Rich': 431, 'Singleplayer': 401, 'Great Soundtrack': 309, 'Atmospheric': 247, 'Conspiracy': 226, 'Action-Adventure': 219, 'Multiplayer': 199, 'Classic': 178, 'Controller': 156, 'Alternate History': 150, 'Sandbox': 119, 'Sci-fi': 96}"
39140,FINAL FANTASY VII,Square Enix,Square Enix,1199,0,RPG,"{'JRPG': 1151, 'RPG': 861, 'Classic': 673, 'Turn-Based': 525, 'Story Rich': 503, 'Singleplayer': 485, 'Great Soundtrack': 471, 'Fantasy': 382, 'Retro': 203, 'Adventure': 159, 'Party-Based RPG': 138, 'Epic': 133, 'Sci-fi': 131, 'Open World': 129, 'Cyberpunk': 120, 'Atmospheric': 115, 'Exploration': 102, 'Dystopian ': 99, ""1990's"": 90, 'Strategy': 77}"
39210,FINAL FANTASY XIV Online,Square Enix,Square Enix,1999,0,"Massively Multiplayer, RPG","{'MMORPG': 693, 'RPG': 499, 'Massively Multiplayer': 473, 'Fantasy': 435, 'Character Customization': 394, 'JRPG': 386, 'Great Soundtrack': 371, 'Story Rich': 354, 'Open World': 334, 'Anime': 327, 'Multiplayer': 233, 'Adventure': 210, 'Magic': 167, 'Action': 135, 'Atmospheric': 126, 'Co-op': 125, 'Online Co-Op': 101, 'Action RPG': 101, 'Female Protagonist': 42, 'Singleplayer': 36}"
47870,Need For Speed: Hot Pursuit,Criterion Games,Electronic Arts,0,0,Racing,"{'Racing': 1051, 'Combat Racing': 1041, 'Sports': 1015, 'Driving': 981, 'PvP': 974, 'Automobile Sim': 965, 'Open World': 495, 'Third Person': 491, 'Arcade': 490, 'First-Person': 483, 'Simulation': 469, 'Atmospheric': 465, 'Online Co-Op': 461, 'Adventure': 461, 'Multiplayer': 459, 'Action': 457, 'Co-op': 457, 'Singleplayer': 242, 'Controller': 191, 'Great Soundtrack': 170}"
47890,The Sims 3,The Sims Studio,Electronic Arts,1999,0,Simulation,"{'Life Sim': 1814, 'Simulation': 1557, 'Character Customization': 969, 'Building': 814, 'Sandbox': 808, 'Singleplayer': 767, 'Casual': 599, 'Funny': 428, 'Moddable': 411, 'RPG': 338, 'Romance': 337, 'Family Friendly': 320, 'Comedy': 284, 'Adventure': 264, 'Replay Value': 256, 'Multiplayer': 248, 'Nudity': 218, 'Great Soundtrack': 180, 'Strategy': 160, 'Action': 123}"
48000,LIMBO,Playdead,Playdead,999,0,"Action, Adventure, Indie","{'Puzzle-Platformer': 1722, 'Indie': 1253, 'Puzzle': 1075, 'Platformer': 1060, 'Dark': 986, 'Atmospheric': 918, 'Adventure': 705, '2D': 699, 'Singleplayer': 675, 'Horror': 617, 'Surreal': 321, 'Short': 281, 'Side Scroller': 265, 'Difficult': 232, 'Minimalist': 201, 'Physics': 199, 'Action': 190, 'Cinematic': 140, 'Casual': 140, 'Controller': 98}"
49520,Borderlands 2,"Gearbox Software, Aspyr (Mac), Aspyr (Linux)","2K, Aspyr (Mac), Aspyr (Linux)",1999,0,"Action, RPG","{'Loot': 9662, 'Shooter': 9163, 'Action': 9081, 'Multiplayer': 7513, 'Co-op': 7374, 'Looter Shooter': 7061, 'FPS': 6832, 'RPG': 5491, 'First-Person': 5368, 'Funny': 5035, 'Comedy': 4814, 'Open World': 3461, 'Combat': 2949, 'Online Co-Op': 2087, 'Adventure': 2004, 'Action RPG': 1760, 'Dark Humor': 1677, 'Singleplayer': 1342, 'Memes': 1333, 'Sci-fi': 1296}"
57300,Amnesia: The Dark Descent,Frictional Games,Frictional Games,1999,0,"Action, Adventure, Indie","{'Horror': 2643, 'Gore': 1067, 'Survival Horror': 1047, 'Psychological Horror': 1040, 'Atmospheric': 1032, 'Puzzle': 1028, 'First-Person': 1021, 'Nudity': 777, 'Dark': 757, 'Adventure': 753, 'Lovecraftian': 748, 'Indie': 743, 'Singleplayer': 701, 'Action': 471, 'Exploration': 470, 'Stealth': 470, 'Walking Simulator': 412, 'Physics': 402, 'Surreal': 395, 'Story Rich': 393}"
65930,The Bureau: XCOM Declassified,2K Marin,2K,1999,0,Action,"{'Action': 290, 'Tactical': 222, 'Sci-fi': 222, 'Third-Person Shooter': 210, 'Singleplayer': 146, 'Third Person': 140, 'Aliens': 126, 'Strategy': 114, 'Shooter': 103, 'RPG': 70, 'Adventure': 46, 'Atmospheric': 46, 'Cold War': 38, 'Story Rich': 34, 'Multiplayer': 30, 'Open World': 20, 'Noir': 17, 'Stealth': 14, 'Retro': 8, 'War': 5}"
65980,Sid Meier's Civilization: Beyond Earth,"Firaxis Games, Aspyr (Mac), Aspyr (Linux)","2K, Aspyr (Mac), Aspyr (Linux)",3999,0,Strategy,"{'Strategy': 934, 'Turn-Based Strategy': 816, 'Sci-fi': 686, 'Space': 537, '4X': 500, 'Turn-Based': 483, 'Multiplayer': 433, 'Futuristic': 396, 'Singleplayer': 395, 'Aliens': 334, 'Tactical': 300, 'Hex Grid': 299, 'Grand Strategy': 278, 'Replay Value': 251, 'Exploration': 219, 'Atmospheric': 158, 'Adventure': 146, 'Moddable': 144, 'Simulation': 144, 'Action': 60}"
72850,The Elder Scrolls V: Skyrim,Bethesda Game Studios,Bethesda Softworks,1999,0,RPG,"{'Open World': 9925, 'RPG': 8626, 'Fantasy': 6164, 'Adventure': 5527, 'Dragons': 4801, 'Moddable': 4787, 'First-Person': 3935, 'Action': 3510, 'Medieval': 3443, 'Singleplayer': 3396, 'Magic': 3349, 'Story Rich': 2950, 'Great Soundtrack': 2814, 'Sandbox': 2494, 'Lore-Rich': 2444, 'Atmospheric': 2420, 'Character Customization': 2336, 'Action RPG': 1800, 'Third Person': 1737, 'Epic': 1532}"
96000,The Tiny Bang Story,Colibri Games,Colibri Games,499,0,"Adventure, Casual, Indie","{'Point & Click': 4574, 'Puzzle': 4571, 'Hand-drawn': 4567, 'Steampunk': 244, 'Retro': 240, 'Atmospheric': 236, '2D': 232, 'Story Rich': 225, 'Casual': 224, 'Family Friendly': 221, 'Cute': 220, 'Surreal': 214, 'Stylized': 214, 'Adventure': 201, 'Singleplayer': 173, 'Hidden Object': 171, 'Indie': 147, 'Minigames': 142, 'Logic': 137, 'Relaxing': 131}"
105450,Age of Empires III (2007),Ensemble Studios,Xbox Game Studios,3999,0,"Simulation, Strategy","{'Strategy': 1329, 'RTS': 955, 'Base-Building': 752, 'Multiplayer': 633, 'Historical': 620, 'Resource Management': 579, 'City Builder': 543, 'War': 522, 'Simulation': 385, 'Real-Time': 365, 'Singleplayer': 363, 'Military': 293, 'Classic': 287, 'Building': 277, 'Open World': 202, 'Co-op': 196, 'Action': 187, 'Online Co-Op': 179, 'Real-Time with Pause': 164, 'Adventure': 149}"
105600,Terraria,Re-Logic,Re-Logic,999,0,"Action, Adventure, Indie, RPG","{'Open World Survival Craft': 15316, 'Sandbox': 15086, 'Survival': 11844, '2D': 11559, 'Multiplayer': 11446, 'Adventure': 10862, 'Pixel Graphics': 10059, 'Crafting': 9935, 'Building': 9405, 'Exploration': 8249, 'Co-op': 7219, 'Open World': 7008, 'Online Co-Op': 5577, 'Indie': 5564, 'Action': 5263, 'RPG': 4822, 'Singleplayer': 4741, 'Replay Value': 3936, 'Platformer': 3730, 'Atmospheric': 3240}"
107100,Bastion,Supergiant Games,Supergiant Games,1499,0,"Action, Indie, RPG","{'Great Soundtrack': 1667, 'Indie': 1466, 'Action': 1283, 'Singleplayer': 1120, 'Narration': 1119, 'RPG': 1025, 'Hack and Slash': 957, 'Story Rich': 941, 'Dynamic Narration': 843, 'Isometric': 778, 'Adventure': 698, 'Action RPG': 624, 'Fantasy': 360, 'Atmospheric': 341, 'Colorful': 234, 'Post-apocalyptic': 206, '2D': 134, 'Music': 123, 'Twin Stick Shooter': 106, 'Controller': 95}"
110800,L.A. Noire,"Team Bondi, Rockstar Leeds",Rockstar Games,599,70,"Adventure, Strategy","{'Detective': 932, 'Crime': 662, 'Open World': 636, 'Noir': 629, 'Adventure': 553, 'Story Rich': 493, 'Mystery': 419, 'Third Person': 394, 'Investigation': 389, 'Singleplayer': 342, 'Cinematic': 339, 'Action': 326, 'Atmospheric': 294, 'Mature': 256, 'Nudity': 140, 'Strategy': 122, 'Puzzle': 118, 'Third-Person Shooter': 116, 'Thriller': 105, '3D Vision': 53}"
113200,The Binding of Isaac,"Edmund McMillen, Florian Himsl",Edmund McMillen,249,50,"Action, Adventure, Indie, RPG","{'Action Roguelike': 2345, 'Rogue-like': 2270, 'Indie': 1944, 'Replay Value': 1325, 'Difficult': 1307, 'Procedural Generation': 949, 'Dark': 915, 'Action': 894, 'Top-Down': 715, 'Great Soundtrack': 702, 'Addictive': 640, 'Singleplayer': 628, 'Adventure': 547, 'Rogue-lite': 478, '2D': 403, 'Dungeon Crawler': 399, 'Survival': 385, 'RPG': 381, 'Perma Death': 346, 'Bullet Hell': 322}"
202970,Call of Duty: Black Ops II,Treyarch,Activision,1979,67,Action,"{'Action': 1445, 'Multiplayer': 1420, 'FPS': 1332, 'Shooter': 928, 'First-Person': 686, 'Singleplayer': 662, 'Co-op': 636, 'War': 534, 'Online Co-Op': 506, 'Team-Based': 395, 'Futuristic': 376, 'Survival': 326, 'Controller': 312, 'Tactical': 254, 'Adventure': 240, 'Great Soundtrack': 237, 'Sci-fi': 229, 'Horror': 217, 'Massively Multiplayer': 217, 'Atmospheric': 192}"
204340,Serious Sam 2,Croteam,Devolver Digital,999,0,"Action, Indie","{'Action': 289, 'FPS': 244, 'Co-op': 186, 'Comedy': 175, 'Multiplayer': 163, 'Shooter': 143, 'First-Person': 139, 'Gore': 127, 'Funny': 111, 'Singleplayer': 99, 'Classic': 96, 'Adventure': 95, 'Indie': 66, 'Sci-fi': 63, 'Online Co-Op': 55, 'Colorful': 51, 'Great Soundtrack': 47, 'Atmospheric': 38, 'Open World': 28, 'Difficult': 23}"
204360,Castle Crashers,The Behemoth,The Behemoth,1499,0,"Action, Adventure, Casual, Indie, RPG","{'2D': 2023, 'Online Co-Op': 2021, 'Funny': 2009, ""Beat 'em up"": 2004, 'Hack and Slash': 2003, 'Co-op': 1998, 'Adventure': 1991, '4 Player Local': 1672, 'Local Co-Op': 1513, 'Multiplayer': 1494, 'Local Multiplayer': 1474, 'Action': 1464, 'Singleplayer': 1046, 'Medieval': 995, 'Cartoony': 988, 'Cute': 977, 'Comedy': 945, 'RPG': 944, 'Arcade': 942, 'Casual': 936}"
205100,Dishonored,Arkane Studios,Bethesda Softworks,999,0,"Action, Adventure","{'Stealth': 2715, 'First-Person': 1709, 'Action': 1617, 'Assassin': 1616, 'Steampunk': 1604, 'Singleplayer': 1403, 'Atmospheric': 1275, 'Story Rich': 1101, 'Multiple Endings': 961, 'Adventure': 933, 'Dark': 879, 'Magic': 832, 'Dystopian ': 735, 'FPS': 610, 'RPG': 577, 'Replay Value': 509, 'Fantasy': 400, 'Immersive Sim': 380, 'Open World': 337, 'Shooter': 202}"
207140,SpeedRunners,DoubleDutch Games,tinyBuild,1499,0,"Action, Casual, Indie, Racing, Sports","{'Multiplayer': 505, 'Racing': 454, 'Local Multiplayer': 305, 'Indie': 298, 'Competitive': 296, 'Fast-Paced': 288, 'Platformer': 255, 'Action': 251, '2D': 222, '4 Player Local': 198, 'Funny': 194, 'Parkour': 189, 'Sports': 168, 'Controller': 120, 'Local Co-Op': 110, 'Co-op': 92, 'Level Editor': 89, 'Singleplayer': 85, 'Arcade': 82, 'Superhero': 59}"
208650,Batman: Arkham Knight,Rocksteady Studios,Warner Bros. Interactive Entertainment,1999,0,"Action, Adventure","{'Action': 1154, 'Open World': 1067, 'Superhero': 942, 'Stealth': 807, 'Adventure': 740, 'Third Person': 728, 'Singleplayer': 695, 'Detective': 584, 'Fighting': 524, 'Story Rich': 508, 'Atmospheric': 471, 'Dark': 413, 'Comic Book': 376, ""Beat 'em up"": 321, 'Puzzle': 265, 'Mature': 254, 'Sandbox': 163, 'Strategy': 156, 'Horror': 146, 'Epic': 121}"
212680,FTL: Faster Than Light,Subset Games,Subset Games,999,0,"Indie, Simulation, Strategy","{'Rogue-like': 2834, 'Space': 2594, 'Strategy': 2150, 'Sci-fi': 2050, 'Indie': 1993, 'Singleplayer': 1680, 'Perma Death': 1488, 'Difficult': 1347, 'Replay Value': 1289, 'Real-Time with Pause': 1095, 'Great Soundtrack': 982, '2D': 902, 'Simulation': 704, 'Rogue-lite': 690, 'Survival': 640, 'Adventure': 513, 'Pixel Graphics': 498, 'RPG': 309, 'Atmospheric': 304, 'Addictive': 135}"
214490,Alien: Isolation,"Creative Assembly, Feral Interactive (Mac), Feral Interactive (Linux)","SEGA, Feral Interactive (Mac), Feral Interactive (Linux)",3999,0,Action,"{'Horror': 1643, 'Survival Horror': 1281, 'Sci-fi': 1159, 'Atmospheric': 1042, 'Aliens': 1040, 'Stealth': 976, 'First-Person': 945, 'Space': 915, 'Female Protagonist': 797, 'Survival': 764, 'Singleplayer': 751, 'Action': 475, 'Difficult': 408, 'Adventure': 361, 'Psychological Horror': 340, 'Great Soundtrack': 327, 'FPS': 311, 'Gore': 234, 'Shooter': 184, 'VR': 136}"
219150,Hotline Miami,Dennaton Games,Devolver Digital,999,0,"Action, Indie","{'Great Soundtrack': 2485, 'Violent': 1902, 'Action': 1851, 'Indie': 1543, 'Top-Down': 1427, 'Pixel Graphics': 1399, '1980s': 1391, 'Fast-Paced': 1355, 'Gore': 1344, 'Retro': 1116, 'Psychedelic': 1110, 'Difficult': 933, 'Singleplayer': 813, 'Surreal': 669, 'Shooter': 562, '2D': 554, 'Top-Down Shooter': 515, 'Atmospheric': 505, 'Addictive': 502, 'Music': 422}"
220200,Kerbal Space Program,Squad,Private Division ,3999,0,"Indie, Simulation","{'Space': 3218, 'Simulation': 2719, 'Sandbox': 2451, 'Physics': 2244, 'Science': 2029, 'Space Sim': 1904, 'Building': 1606, 'Moddable': 1388, 'Indie': 1277, 'Education': 1253, 'Open World': 1025, 'Singleplayer': 1023, 'Exploration': 994, 'Funny': 787, 'Sci-fi': 656, 'Difficult': 584, 'Adventure': 578, 'Replay Value': 566, 'Strategy': 560, 'Comedy': 498}"
220240,Far Cry 3,"Ubisoft Montreal, Massive Entertainment, and Ubisoft Shanghai",Ubisoft,1999,0,"Action, Adventure","{'Open World': 2419, 'FPS': 1985, 'Action': 1733, 'Adventure': 1469, 'Multiplayer': 1158, 'Shooter': 1119, 'Stealth': 1076, 'Co-op': 969, 'First-Person': 966, 'Hunting': 942, 'Singleplayer': 898, 'Sandbox': 601, 'Survival': 586, 'Story Rich': 573, 'Online Co-Op': 491, 'Atmospheric': 445, 'Nudity': 427, 'Crafting': 401, 'Colorful': 390, 'RPG': 286}"
220440,DmC: Devil May Cry,Ninja Theory,Capcom,2999,0,"Action, Adventure","{'Action': 903, 'Hack and Slash': 865, 'Great Soundtrack': 466, 'Spectacle fighter': 444, 'Demons': 415, 'Adventure': 377, 'Third Person': 340, 'Singleplayer': 327, 'Character Action Game': 298, 'Reboot': 247, 'Controller': 238, 'Gore': 223, 'Stylized': 167, ""Beat 'em up"": 156, 'Atmospheric': 152, 'Fast-Paced': 140, 'Comedy': 124, 'Story Rich': 120, 'Fantasy': 119, 'Platformer': 73}"
221040,Resident Evil 6,Capcom,Capcom,2999,0,"Action, Adventure","{'Action': 742, 'Zombies': 736, 'Co-op': 599, 'Third-Person Shooter': 471, 'Horror': 430, 'Co-op Campaign': 384, 'Adventure': 365, 'Online Co-Op': 365, 'Multiplayer': 302, 'Third Person': 252, 'Shooter': 244, 'Split Screen': 233, 'Quick-Time Events': 221, 'Local Co-Op': 217, 'Survival Horror': 185, 'Survival': 182, 'Singleplayer': 171, 'Atmospheric': 118, 'Female Protagonist': 114, 'Casual': 44}"
219740,Don't Starve,Klei Entertainment,Klei Entertainment,999,0,"Adventure, Indie, Simulation","{'Survival': 3669, 'Open World Survival Craft': 2148, 'Crafting': 1884, 'Adventure': 1759, 'Indie': 1749, 'Sandbox': 1617, 'Singleplayer': 1359, 'Perma Death': 1107, 'Open World': 1023, 'Exploration': 1000, 'Multiplayer': 952, 'Rogue-like': 782, 'Replay Value': 670, 'Moddable': 652, 'Difficult': 584, 'Simulation': 542, '2D': 478, 'Top-Down': 409, 'Survival Horror': 394, 'Horror': 389}"
221910,The Stanley Parable,Galactic Cafe,Galactic Cafe,1499,0,"Adventure, Indie","{'Comedy': 1844, 'Narration': 1515, 'Indie': 1317, 'Walking Simulator': 1297, 'First-Person': 1282, 'Funny': 1047, 'Psychological': 1022, 'Satire': 981, 'Dynamic Narration': 918, 'Adventure': 852, 'Exploration': 774, 'Multiple Endings': 751, 'Singleplayer': 730, 'Choices Matter': 596, 'Story Rich': 489, 'Short': 466, 'Surreal': 404, 'Atmospheric': 385, 'Puzzle': 309, 'Casual': 250}"
230230,Divinity: Original Sin (Classic),Larian Studios,Larian Studios,3999,0,"Adventure, Indie, RPG, Strategy","{'RPG': 1145, 'Turn-Based': 622, 'Co-op': 521, 'Fantasy': 486, 'Adventure': 436, 'Strategy': 301, 'Open World': 259, 'Isometric': 258, 'CRPG': 252, 'Story Rich': 243, 'Kickstarter': 204, 'Indie': 201, 'Multiplayer': 200, 'Singleplayer': 199, 'Turn-Based Strategy': 175, 'Magic': 142, 'Online Co-Op': 111, 'Crowdfunded': 104, 'Atmospheric': 100, 'Female Protagonist': 94}"
230290,Universe Sandbox,Giant Army,Giant Army,2999,0,"Casual, Indie, Simulation, Early Access","{'Sandbox': 639, 'Space': 607, 'Simulation': 574, 'Physics': 535, 'Science': 472, 'Destruction': 377, 'Realistic': 328, 'God Game': 321, 'Education': 305, 'Early Access': 261, 'Singleplayer': 260, 'VR': 215, 'Open World': 204, 'Indie': 195, 'Casual': 174, 'Atmospheric': 166, 'Sci-fi': 152, 'Great Soundtrack': 141, 'Exploration': 120, 'Space Sim': 61}"
230410,Warframe,Digital Extremes,Digital Extremes,0,0,"Action, Free to Play, RPG","{'Free to Play': 15210, 'Action RPG': 14812, 'Looter Shooter': 14724, 'Third-Person Shooter': 14698, 'Action': 14688, 'RPG': 14682, 'Third Person': 14630, 'Character Customization': 7674, 'Massively Multiplayer': 7597, 'Online Co-Op': 7587, 'Co-op': 7531, 'Singleplayer': 7509, 'PvE': 7505, 'Sci-fi': 7499, 'Lore-Rich': 7490, 'Space': 7481, 'Shooter': 7475, 'Hack and Slash': 7472, 'Parkour': 7463, 'Ninja': 7461}"
233720,Surgeon Simulator,Bossa Studios,tinyBuild,999,0,"Action, Indie, Simulation","{'Simulation': 1141, 'Funny': 1134, 'Comedy': 1130, 'Physics': 1129, 'Indie': 1123, 'Medical Sim': 1118, 'Dark Humor': 1118, 'Puzzle': 1113, 'Difficult': 1112, 'Intentionally Awkward Controls': 1107, 'VR': 738, 'First-Person': 722, 'Casual': 717, 'Aliens': 716, 'Dark': 710, 'Singleplayer': 708, 'Action': 701, 'Blood': 287, 'Gore': 283, 'Great Soundtrack': 120}"
233860,Kenshi,Lo-Fi Games,Lo-Fi Games,2999,0,"Action, Indie, RPG, Simulation, Strategy","{'Open World': 1452, 'Sandbox': 1202, 'RPG': 1141, 'Survival': 1109, 'Strategy': 732, 'Building': 700, 'Post-apocalyptic': 625, 'Base-Building': 622, 'Singleplayer': 609, 'Crafting': 608, 'City Builder': 522, 'Indie': 465, 'Simulation': 412, 'Adventure': 408, 'Management': 398, 'RTS': 328, 'Ninja': 278, 'Character Customization': 216, 'Alternate History': 166, 'Steampunk': 156}"
237930,Transistor,Supergiant Games,Supergiant Games,1999,0,"Action, Indie, RPG","{'Great Soundtrack': 1621, 'Female Protagonist': 1181, 'Indie': 1134, 'Cyberpunk': 1089, 'Story Rich': 933, 'Sci-fi': 914, 'Action RPG': 772, 'Singleplayer': 756, 'RPG': 723, 'Beautiful': 677, 'Isometric': 662, 'Atmospheric': 627, 'Action': 495, 'Narration': 472, 'Strategy': 410, 'Tactical': 384, 'Adventure': 369, 'Turn-Based': 301, 'Short': 148, 'Hack and Slash': 134}"
250320,The Wolf Among Us,Telltale,Telltale,1499,0,"Action, Adventure, Casual","{'Adventure': 1051, 'Detective': 955, 'Story Rich': 916, 'Episodic': 825, 'Choose Your Own Adventure': 791, 'Point & Click': 786, 'Noir': 698, 'Mature': 682, 'Visual Novel': 597, 'Choices Matter': 561, 'Singleplayer': 556, 'Atmospheric': 555, 'Comic Book': 546, 'Mystery': 467, 'Cinematic': 381, 'Action': 378, 'Dark': 370, 'Well-Written': 303, 'Fantasy': 270, 'Casual': 269}"
250400,How to Survive,Eko Software,505 Games,1499,0,"Action, Adventure, RPG","{'Survival': 757, 'Zombies': 702, 'Crafting': 477, 'Open World Survival Craft': 462, 'Action': 416, 'Co-op': 409, 'Multiplayer': 352, 'RPG': 297, 'Local Co-Op': 256, 'Online Co-Op': 254, 'Adventure': 218, 'Survival Horror': 197, 'Open World': 192, 'Hack and Slash': 184, 'Post-apocalyptic': 171, 'Gore': 170, 'Singleplayer': 164, 'Third Person': 155, 'Comedy': 109, 'Indie': 104}"
250900,The Binding of Isaac: Rebirth,"Nicalis, Inc., Edmund McMillen","Nicalis, Inc.",1499,0,Action,"{'Action Roguelike': 3843, 'Rogue-like': 3376, 'Indie': 2939, 'Replay Value': 2789, 'Difficult': 2462, 'Pixel Graphics': 2015, 'Dungeon Crawler': 1731, 'Great Soundtrack': 1597, 'Singleplayer': 1559, 'Dark': 1516, '2D': 1267, 'Remake': 1212, 'Local Co-Op': 1194, 'Gore': 1151, 'Procedural Generation': 1069, 'Rogue-lite': 1044, 'Atmospheric': 917, 'Action': 842, 'Co-op': 761, 'Horror': 738}"
252490,Rust,Facepunch Studios,Facepunch Studios,3999,0,"Action, Adventure, Indie, Massively Multiplayer, RPG","{'Survival': 17060, 'Crafting': 10795, 'Multiplayer': 10684, 'Open World': 10135, 'Open World Survival Craft': 7894, 'Building': 7546, 'PvP': 6842, 'Sandbox': 6751, 'Adventure': 5405, 'First-Person': 4763, 'Action': 4432, 'FPS': 4235, 'Nudity': 4229, 'Co-op': 3407, 'Shooter': 3394, 'Online Co-Op': 3355, 'Indie': 2935, 'Early Access': 2812, 'Post-apocalyptic': 2655, 'Simulation': 2336}"
252950,Rocket League,Psyonix LLC,Psyonix LLC,0,0,"Action, Indie, Racing, Sports","{'Football (Soccer)': 10328, 'Multiplayer': 6554, 'Competitive': 4538, 'Sports': 3982, 'Racing': 3869, 'Football (American)': 3648, 'Team-Based': 3393, 'Online Co-Op': 2842, 'Fast-Paced': 2187, 'Co-op': 2131, 'Action': 1923, 'Funny': 1888, 'Great Soundtrack': 1660, 'Local Multiplayer': 1608, 'Split Screen': 1479, 'Local Co-Op': 1342, 'Singleplayer': 1225, '4 Player Local': 1202, 'Casual': 1195, 'Indie': 875}"
254700,Resident Evil 4 (2005),Capcom,Capcom,1999,0,"Action, Adventure","{'Inventory Management': 1126, 'Survival Horror': 931, 'Action': 877, 'Zombies': 835, 'Horror': 739, 'Third-Person Shooter': 722, 'Singleplayer': 601, 'Adventure': 547, 'Classic': 456, 'Third Person': 435, 'Quick-Time Events': 297, 'Atmospheric': 289, 'Survival': 259, 'Shooter': 251, 'Gore': 241, 'Replay Value': 190, 'Remake': 182, 'Great Soundtrack': 169, 'Difficult': 145, 'Multiplayer': 49}"
255710,Cities: Skylines,Colossal Order Ltd.,Paradox Interactive,2999,0,"Simulation, Strategy","{'City Builder': 4822, 'Simulation': 3494, 'Building': 2901, 'Management': 2376, 'Strategy': 2239, 'Sandbox': 2049, 'Singleplayer': 1960, 'Moddable': 1718, 'Economy': 1688, 'Resource Management': 1337, 'Mod': 1157, 'Realistic': 970, 'Replay Value': 762, 'Casual': 713, 'Modern': 605, 'Real-Time with Pause': 585, 'Family Friendly': 564, 'Great Soundtrack': 472, 'Funny': 302, 'Action': 136}"
270880,American Truck Simulator,SCS Software,SCS Software,1999,0,"Indie, Simulation","{'Automobile Sim': 2733, 'Driving': 2601, 'Transportation': 2585, 'Open World': 2585, 'Simulation': 2574, 'America': 2547, 'Realistic': 2537, 'Moddable': 2533, 'Relaxing': 2525, 'Exploration': 2504, 'Economy': 2495, 'Atmospheric': 2491, 'Management': 2486, 'Immersive Sim': 2485, 'Multiplayer': 1263, 'Singleplayer': 1212, 'Adventure': 1200, 'Casual': 1197, 'Family Friendly': 1187, 'Level Editor': 677}"
271590,Grand Theft Auto V,Rockstar North,Rockstar Games,1980,0,"Action, Adventure","{'Open World': 30952, 'Action': 22526, 'Multiplayer': 20676, 'Crime': 18396, 'Automobile Sim': 18225, 'Third Person': 17967, 'First-Person': 17648, 'Shooter': 14180, 'Mature': 13699, 'Adventure': 13064, 'Singleplayer': 11834, 'Third-Person Shooter': 11486, 'Racing': 11072, 'Co-op': 9770, 'Atmospheric': 9588, 'Sandbox': 9538, 'Funny': 8953, 'Great Soundtrack': 8371, 'Comedy': 8193, 'Moddable': 6331}"
304240,Resident Evil,"CAPCOM Co., Ltd.","CAPCOM Co., Ltd.",1999,0,"Action, Adventure","{'Survival Horror': 549, 'Zombies': 484, 'Horror': 478, 'Classic': 450, 'Remake': 406, 'Atmospheric': 324, 'Singleplayer': 305, 'Puzzle': 283, 'Survival': 254, 'Adventure': 210, 'Action': 208, 'Third Person': 203, 'Cult Classic': 169, 'Female Protagonist': 160, 'Story Rich': 135, 'Difficult': 125, 'Gore': 110, 'Shooter': 100, 'Great Soundtrack': 80, 'Third-Person Shooter': 61}"
304390,FOR HONOR,"Ubisoft Montreal, Ubisoft Quebec, Ubisoft Toronto, Blue Byte",Ubisoft,1499,0,Action,"{'Medieval': 3977, 'Swordplay': 1184, 'Action': 1163, 'Multiplayer': 1076, 'PvP': 1000, 'Fighting': 998, 'Third Person': 890, 'War': 784, 'Co-op': 651, 'Gore': 645, 'Singleplayer': 615, 'Online Co-Op': 584, 'Hack and Slash': 501, 'Realistic': 468, 'Strategy': 425, 'Atmospheric': 389, 'RPG': 323, 'Fantasy': 313, 'MOBA': 286, 'Story Rich': 278}"
307780,Mortal Kombat X,"NetherRealm Studios, QLOC",Warner Bros. Interactive Entertainment,1999,0,Action,"{'Fighting': 1717, 'Gore': 1270, 'Action': 1047, 'Violent': 954, 'Multiplayer': 937, 'Blood': 883, 'Mature': 635, 'Local Multiplayer': 453, '2D Fighter': 447, 'Competitive': 442, 'Atmospheric': 384, 'Singleplayer': 367, 'Arcade': 292, 'Great Soundtrack': 265, '2.5D': 233, 'Online Co-Op': 232, 'Fantasy': 197, 'Third Person': 162, 'Horror': 122, 'Female Protagonist': 93}"
310950,Street Fighter V,Capcom,Capcom,1999,0,Action,"{'Fighting': 820, 'Action': 411, '2D Fighter': 393, 'Multiplayer': 376, 'Competitive': 331, 'Arcade': 308, 'Local Multiplayer': 263, 'e-sports': 180, 'Anime': 141, 'Controller': 138, '2.5D': 128, 'Singleplayer': 94, 'Great Soundtrack': 90, 'Classic': 72, '2D': 63, 'Nudity': 49, 'Female Protagonist': 41, 'Early Access': 29, ""Beat 'em up"": 24, 'Memes': 18}"
319510,Five Nights at Freddy's,Scott Cawthon,Scott Cawthon,499,0,"Indie, Simulation","{'Horror': 2774, 'Singleplayer': 1718, 'Survival Horror': 1655, 'Robots': 1484, 'Psychological Horror': 1469, 'Difficult': 1348, 'Indie': 1331, 'First-Person': 1255, 'Point & Click': 1235, 'Dark': 1211, 'Survival': 1057, 'Atmospheric': 777, 'Mouse only': 715, 'Supernatural': 456, 'Resource Management': 440, 'Jump Scare': 412, 'Silent Protagonist': 402, 'Lore-Rich': 381, 'Short': 323, 'Historical': 207}"
379720,DOOM,id Software,Bethesda Softworks,1999,0,Action,"{'FPS': 2776, 'Gore': 2341, 'Action': 2248, 'Shooter': 1894, 'Demons': 1823, 'Great Soundtrack': 1797, 'First-Person': 1676, 'Fast-Paced': 1427, 'Singleplayer': 1426, 'Multiplayer': 1424, 'Sci-fi': 1191, 'Horror': 1036, 'Atmospheric': 959, 'Classic': 949, 'Blood': 769, 'Difficult': 701, 'Remake': 514, 'Zombies': 453, 'Co-op': 387, 'Violent': 313}"
438100,VRChat,VRChat Inc.,VRChat Inc.,0,0,"Adventure, Casual, Free to Play, Massively Multiplayer, Simulation, Sports, Early Access","{'VR': 1684, 'Free to Play': 1639, 'Memes': 1161, 'Anime': 1153, 'Multiplayer': 1149, 'Funny': 1067, 'Massively Multiplayer': 969, 'First-Person': 708, 'Early Access': 683, 'Open World': 653, 'Simulation': 621, 'Casual': 575, 'Adventure': 467, 'MMORPG': 256, 'Comedy': 225, 'Sandbox': 187, 'Action': 140, 'Dating Sim': 60, 'Survival Horror': 56, 'Atmospheric': 48}"
524220,NieR:Automata,"Square Enix, PlatinumGames Inc.",Square Enix,3999,0,"Action, RPG","{'Great Soundtrack': 3748, 'Story Rich': 3565, 'Female Protagonist': 3169, 'Action': 2975, 'Hack and Slash': 2970, 'RPG': 2341, 'Open World': 2331, 'JRPG': 2140, 'Anime': 2033, 'Post-apocalyptic': 2004, 'Singleplayer': 1930, 'Robots': 1740, 'Atmospheric': 1615, 'Sci-fi': 1561, 'Nudity': 1371, 'Adventure': 1304, 'Bullet Hell': 1291, 'Spectacle fighter': 1287, 'Character Action Game': 1277, 'Violent': 800}"
526870,Satisfactory,Coffee Stain Studios,Coffee Stain Publishing,2999,0,"Adventure, Indie, Simulation, Strategy, Early Access","{'Base-Building': 1337, 'Automation': 1196, 'Open World': 1111, 'Multiplayer': 1097, 'Crafting': 1081, 'Co-op': 1014, 'Resource Management': 966, 'Building': 933, 'Sandbox': 884, 'Exploration': 771, 'Adventure': 583, 'Early Access': 528, 'Open World Survival Craft': 519, 'Simulation': 518, 'Survival': 485, 'Strategy': 483, 'First-Person': 453, 'Sci-fi': 383, 'Singleplayer': 377, 'Indie': 363}"
546560,Half-Life: Alyx,Valve,Valve,5999,0,"Action, Adventure","{'VR': 2092, 'FPS': 1900, 'Story Rich': 1878, 'Horror': 1864, 'Female Protagonist': 1862, 'Shooter': 1842, 'First-Person': 1787, 'Singleplayer': 1785, 'Action': 1772, 'Zombies': 1757, 'Sci-fi': 1756, 'Atmospheric': 1756, 'Beautiful': 1735, 'Adventure': 1688, 'Aliens': 1688, 'Futuristic': 1658, 'Psychological Horror': 1651, 'Memes': 1529, 'Great Soundtrack': 666, 'Gore': 203, 'VR Only': 1}"
554620,Life is Strange: Before the Storm,"Deck Nine, Feral Interactive (Mac), Feral Interactive (Linux)","Square Enix, Feral Interactive (Mac), Feral Interactive (Linux)",1699,0,"Action, Adventure","{'Story Rich': 1176, 'Choices Matter': 1031, 'Great Soundtrack': 926, 'Female Protagonist': 842, 'Atmospheric': 763, 'Singleplayer': 619, 'Episodic': 615, 'Adventure': 535, 'Choose Your Own Adventure': 474, 'Multiple Endings': 384, 'Third Person': 375, 'Drama': 354, 'Mystery': 286, 'Action': 221, 'Indie': 203, 'Walking Simulator': 149, 'LGBTQ+': 145, 'Point & Click': 143, 'Psychological Horror': 103, 'Memes': 73}"
621060,PC Building Simulator,"Claudiu Kiss, The Irregular Corporation",The Irregular Corporation,1999,0,"Indie, Simulation","{'Simulation': 658, 'Education': 617, 'Immersive Sim': 540, 'Building': 410, 'Management': 339, 'Sandbox': 323, 'First-Person': 321, '3D': 311, 'Life Sim': 309, 'Casual': 305, 'Realistic': 304, 'Relaxing': 297, 'Singleplayer': 288, 'Funny': 272, 'Hardware': 270, 'Puzzle': 265, 'Modern': 262, 'Inventory Management': 257, 'Atmospheric': 249, 'Indie': 235}"
632470,Disco Elysium - The Final Cut,ZA/UM,ZA/UM,999,75,RPG,"{'RPG': 891, 'Story Rich': 776, 'Choices Matter': 742, 'Detective': 646, 'Isometric': 516, 'Atmospheric': 483, 'Singleplayer': 461, 'CRPG': 416, 'Point & Click': 402, 'Noir': 394, 'Surreal': 380, 'Adventure': 354, 'Indie': 352, 'Exploration': 349, 'Visual Novel': 345, 'Funny': 339, 'Open World': 339, 'Character Customization': 321, 'Political': 314, 'Sexual Content': 285}"
823500,BONEWORKS,Stress Level Zero,Stress Level Zero,2999,0,"Action, Adventure, Indie, Simulation","{'VR': 524, 'Physics': 410, 'Action': 325, 'Sandbox': 305, 'Shooter': 299, 'Singleplayer': 281, 'Adventure': 275, 'Puzzle': 269, 'Great Soundtrack': 260, 'First-Person': 253, 'Simulation': 242, 'Realistic': 235, 'FPS': 181, 'Indie': 181, 'Violent': 174, 'Horror': 169, 'Parkour': 157, 'Sci-fi': 120, 'Gore': 103, 'Funny': 80, 'VR Only': 1}"
976310,Mortal Kombat11,"NetherRealm Studios, QLOC, Shiver","Warner Bros. Games, Warner Bros. Interactive Entertainment",4999,0,Action,"{'Fighting': 1210, 'Gore': 870, 'Violent': 717, 'Multiplayer': 678, 'Blood': 652, 'Action': 617, '2D Fighter': 418, 'Mature': 389, 'Competitive': 295, 'Local Multiplayer': 290, 'Character Customization': 274, 'Singleplayer': 265, 'Story Rich': 250, 'Great Soundtrack': 183, 'Atmospheric': 178, 'Sexual Content': 146, 'Cute': 137, 'Arcade': 137, '2.5D': 115, 'Horror': 103}"
1085660,Destiny 2,Bungie,Bungie,0,0,"Action, Adventure, Free to Play","{'Free to Play': 2966, 'Open World': 2672, 'FPS': 2629, 'Looter Shooter': 2614, 'MMORPG': 2605, 'Co-op': 2587, 'PvP': 2547, 'PvE': 2540, 'Shooter': 2406, 'Multiplayer': 2381, 'Massively Multiplayer': 2314, 'First-Person': 2303, 'Sci-fi': 2292, 'Loot': 2289, 'Action': 2269, 'Lore-Rich': 2238, 'Adventure': 2214, 'Space': 2206, 'Competitive': 2140, 'Atmospheric': 2098}"
1086940,Baldur's Gate 3,Larian Studios,Larian Studios,5999,0,"Adventure, RPG, Strategy, Early Access","{'Early Access': 1305, 'RPG': 1186, 'Choices Matter': 1036, 'Character Customization': 1011, 'Story Rich': 957, 'CRPG': 954, 'Fantasy': 863, 'Co-op Campaign': 848, 'Romance': 790, 'Class-Based': 787, 'Dark Fantasy': 743, 'PvE': 722, 'Narration': 703, 'Turn-Based Combat': 683, 'Stealth': 673, 'Combat': 670, 'Crafting': 653, 'Isometric': 603, 'Team-Based': 562, 'Dungeons & Dragons': 551}"
